establishment,category
Savegnago,Supermarket
Jaú Serve,Supermarket
Pão de Açúcar,Supermarket
Drogaria São Paulo,Drugstore
Drogasil,Drugstore
Farmácia Popular,Drugstore
Cinemark,Entertainment
Cine Araújo,Entertainment
UCI,Entertainment
Uber,Transportation
99Pop,Transportation
Táxi,Transportation
Ônibus Urbano,Transportation
McDonald's,Restaurant
Subway,Restaurant
Outback,Restaurant
Padaria Central,Others
Posto Shell,Others
